-- =======================================================================
-- NEUEVOX - COMPLETE SEED SCRIPT
-- =======================================================================

-- =======================================================================
-- 1. USERS
-- =======================================================================

-- Admin
INSERT INTO "Users" (
    "UserId", "FirstName", "LastName", "SchoolEmail", "PasswordHash",
    "Role", "CreatedAt", "RefreshToken", "RefreshTokenExpiryTime",
    "Coordination", "PhoneNumber", "ProfilePictureUrl"
)
VALUES (
    '99999999-0000-0000-0000-000000000001', 'Admin', 'Système', 'admin@neuevox.net',
    'AQAAAAIAAYagAAAAEFP8arF8ty+holVHNd2DPE2JQ5NEhB9wj8Y+SX3iRgNE/V3R4e8C1+Pmq0/ugPGleQ==',
    'Admin', NOW(), NULL, NULL,
    'Direction des Systèmes', '514-555-9999', NULL
);

-- Professors
INSERT INTO "Users" (
    "UserId", "FirstName", "LastName", "SchoolEmail", "PasswordHash",
    "Role", "CreatedAt", "RefreshToken", "RefreshTokenExpiryTime",
    "Coordination", "PhoneNumber", "ProfilePictureUrl"
)
VALUES
(
    '44444444-0000-0000-0000-000000000001', 'Amina', 'Bennani', 'amina.bennani@neuevox.net', 'dummy_hash_123',
    'Professor', NOW(), NULL, NULL,
    'Techniques de l''informatique', '514-555-1001', NULL
),
(
    '44444444-0000-0000-0000-000000000002', 'Mathieu', 'Lavoie', 'mathieu.lavoie@neuevox.net', 'dummy_hash_123',
    'Professor', NOW(), NULL, NULL,
    'Littérature et Français', '514-555-1002', NULL
),
(
    '44444444-0000-0000-0000-000000000003', 'Claire', 'Dubois', 'claire.dubois@neuevox.net', 'dummy_hash_123',
    'Professor', NOW(), NULL, NULL,
    'Génie Aérospatial', '514-555-1003', NULL
),
(
    '44444444-0000-0000-0000-000000000004', 'Test', 'Professor', 'professor@neuevox.net',
    'AQAAAAIAAYagAAAAEMWIb9L/pduBtkNaYWsoNJAey+vrpM/sew4F10FyxdJHsW6NvwzZEpd45H6HyiQBzw==',
    'Professor', NOW(), NULL, NULL,
    'Mathématiques et Statistiques', '514-555-1004', NULL
);

-- Students
INSERT INTO "Users" (
    "UserId", "FirstName", "LastName", "SchoolEmail", "PasswordHash",
    "Role", "CreatedAt", "RefreshToken", "RefreshTokenExpiryTime",
    "Coordination", "PhoneNumber", "ProfilePictureUrl"
)
VALUES
(
    '22222222-0000-0000-0000-000000000001', 'Yassine', 'Amrani', 'yassine.amrani@neuevox.net', 'dummy_hash_123',
    'Student', NOW(), NULL, NULL,
    NULL, '438-555-2001', NULL
),
(
    '22222222-0000-0000-0000-000000000002', 'Jean', 'Paul', 'jean.paul@neuevox.net', 'dummy_hash_123',
    'Student', NOW(), NULL, NULL,
    NULL, '438-555-2002', 'https://neuevox.net/avatars/jeanpaul.png'
),
(
    '22222222-0000-0000-0000-000000000003', 'Adam', 'Tremblay', 'adam.tremblay@neuevox.net', 'dummy_hash_123',
    'Student', NOW(), NULL, NULL,
    NULL, '438-555-2003', NULL
),
(
    '22222222-0000-0000-0000-000000000004', 'Darcel', 'Gagnon', 'darcel.gagnon@neuevox.net', 'dummy_hash_123',
    'Student', NOW(), NULL, NULL,
    NULL, '438-555-2004', NULL
),
(
    '22222222-0000-0000-0000-000000000005', 'Zachary', 'Roy', 'zachary.roy@neuevox.net', 'dummy_hash_123',
    'Student', NOW(), NULL, NULL,
    NULL, '438-555-2005', NULL
),
(
    '22222222-0000-0000-0000-000000000006', 'Sarah', 'Leblanc', 'sarah.leblanc@neuevox.net', 'dummy_hash_123',
    'Student', NOW(), NULL, NULL,
    NULL, '438-555-2006', NULL
),
(
    '22222222-0000-0000-0000-000000000007', 'Olivier', 'Martin', 'olivier.martin@neuevox.net', 'dummy_hash_123',
    'Student', NOW(), NULL, NULL,
    NULL, '438-555-2007', NULL
),
(
    '22222222-0000-0000-0000-000000000008', 'Chloe', 'Pelletier', 'chloe.pelletier@neuevox.net', 'dummy_hash_123',
    'Student', NOW(), NULL, NULL,
    NULL, '438-555-2008', NULL
),
(
    '22222222-0000-0000-0000-000000000009', 'Neuevox', 'Student', 'student@neuevox.net',
    'AQAAAAIAAYagAAAAEONe5xvIHWVI6STlcppp8ty9pdSOWfP+ZzbZ3cwNyQtnpWVrS9TH9cSuRWNmIImKaw==',
    'Student', NOW(), NULL, NULL,
    NULL, '438-555-2009', NULL
);

-- =======================================================================
-- 2. PROFESSORS TABLE
-- =======================================================================
INSERT INTO "Professors" ("UserId", "OfficeNumber", "Department", "HireDate", "Biography")
VALUES
(
    '44444444-0000-0000-0000-000000000001',
    'B-210', 'Techniques de l''informatique', '2020-08-15 08:00:00+00',
    'Passionnée par le développement back-end, l''architecture logicielle et les bases de données relationnelles.'
),
(
    '44444444-0000-0000-0000-000000000002',
    'A-115', 'Littérature et Français', '2018-01-10 08:00:00+00',
    'Spécialiste de la littérature francophone et préparateur en chef pour l''Épreuve uniforme de français (EUF).'
),
(
    '44444444-0000-0000-0000-000000000003',
    'C-305', 'Génie Aérospatial', '2021-08-20 08:00:00+00',
    'Ancienne ingénieure dans l''industrie, experte en aérodynamique, propulsion et systèmes de vol.'
),
(
    '44444444-0000-0000-0000-000000000004',
    'D-101', 'Mathématiques et Statistiques', '2022-01-10 08:00:00+00',
    'Professeur de mathématiques appliquées, spécialisé en statistiques et analyse de données.'
);

-- =======================================================================
-- 3. PROGRAMS
-- =======================================================================
INSERT INTO "Programs" ("ProgramId", "ProgramName", "ProgramCode")
VALUES
('11111111-0000-0000-0000-000000000001', 'Techniques de l''informatique', 420),
('11111111-0000-0000-0000-000000000002', 'Génie Aérospatial', 280),
('11111111-0000-0000-0000-000000000003', 'Sciences de la nature', 200),
('11111111-0000-0000-0000-000000000004', 'Arts, lettres et communication', 500);

-- =======================================================================
-- 4. STUDENTS TABLE
-- =======================================================================
INSERT INTO "Students" ("UserId", "ProgramId", "AdmissionDate")
VALUES
('22222222-0000-0000-0000-000000000001', '11111111-0000-0000-0000-000000000001', '2024-08-20 08:00:00+00'),
('22222222-0000-0000-0000-000000000002', '11111111-0000-0000-0000-000000000004', '2025-01-15 08:00:00+00'),
('22222222-0000-0000-0000-000000000003', '11111111-0000-0000-0000-000000000001', '2024-08-20 08:00:00+00'),
('22222222-0000-0000-0000-000000000004', '11111111-0000-0000-0000-000000000001', '2025-08-25 08:00:00+00'),
('22222222-0000-0000-0000-000000000005', '11111111-0000-0000-0000-000000000002', '2024-08-20 08:00:00+00'),
('22222222-0000-0000-0000-000000000006', '11111111-0000-0000-0000-000000000003', '2025-08-25 08:00:00+00'),
('22222222-0000-0000-0000-000000000007', '11111111-0000-0000-0000-000000000001', '2023-08-20 08:00:00+00'),
('22222222-0000-0000-0000-000000000008', '11111111-0000-0000-0000-000000000004', '2026-01-15 08:00:00+00'),
('22222222-0000-0000-0000-000000000009', '11111111-0000-0000-0000-000000000001', '2025-01-15 08:00:00+00');

-- =======================================================================
-- 5. COURSES
-- =======================================================================
INSERT INTO "Courses" ("CourseId", "CourseCode", "CourseTitle")
VALUES
('33333333-0000-0000-0000-000000000001', '420-BE-BB', 'Développement Back-End (C# et ASP.NET Core)'),
('33333333-0000-0000-0000-000000000002', '420-FE-BB', 'Développement Front-End (React)'),
('33333333-0000-0000-0000-000000000003', '420-DO-BB', 'Déploiement et DevOps (Docker & CI/CD)'),
('33333333-0000-0000-0000-000000000004', '280-AE-BB', 'Introduction au Génie Aérospatial'),
('33333333-0000-0000-0000-000000000005', '601-EUF-BB', 'Littérature et Préparation à l''EUF'),
('33333333-0000-0000-0000-000000000006', '201-ST-BB', 'Statistiques et Probabilités');

-- =======================================================================
-- 6. CLASSES
-- =======================================================================
INSERT INTO "Classes" ("ClassId", "ProfessorId", "CourseId", "ClassNumber", "Semester")
VALUES
('55555555-0000-0000-0000-000000000001', '44444444-0000-0000-0000-000000000001', '33333333-0000-0000-0000-000000000001', '00001', 'Hiver 2026'),
('55555555-0000-0000-0000-000000000002', '44444444-0000-0000-0000-000000000001', '33333333-0000-0000-0000-000000000002', '00002', 'Hiver 2026'),
('55555555-0000-0000-0000-000000000003', '44444444-0000-0000-0000-000000000001', '33333333-0000-0000-0000-000000000003', '00003', 'Hiver 2026'),
('55555555-0000-0000-0000-000000000004', '44444444-0000-0000-0000-000000000003', '33333333-0000-0000-0000-000000000004', '00004', 'Hiver 2026'),
('55555555-0000-0000-0000-000000000005', '44444444-0000-0000-0000-000000000002', '33333333-0000-0000-0000-000000000005', '00005', 'Hiver 2026'),
('55555555-0000-0000-0000-000000000006', '44444444-0000-0000-0000-000000000004', '33333333-0000-0000-0000-000000000006', '00006', 'Hiver 2026');

-- =======================================================================
-- 7. STUDENT CLASSES (ENROLLMENTS)
-- =======================================================================
INSERT INTO "StudentClasses" ("StudentClassId", "ClassId", "StudentId", "FinalGrade", "ClassStatus")
VALUES
-- Yassine: C# Backend, React, DevOps, Stats
('66666666-0000-0000-0000-000000000001', '55555555-0000-0000-0000-000000000001', '22222222-0000-0000-0000-000000000001', NULL, 1),
('66666666-0000-0000-0000-000000000002', '55555555-0000-0000-0000-000000000002', '22222222-0000-0000-0000-000000000001', NULL, 1),
('66666666-0000-0000-0000-000000000003', '55555555-0000-0000-0000-000000000003', '22222222-0000-0000-0000-000000000001', NULL, 1),
-- Jean Paul: French/EUF
('66666666-0000-0000-0000-000000000004', '55555555-0000-0000-0000-000000000005', '22222222-0000-0000-0000-000000000002', NULL, 1),
-- Adam: C# Backend, Stats
('66666666-0000-0000-0000-000000000005', '55555555-0000-0000-0000-000000000001', '22222222-0000-0000-0000-000000000003', NULL, 1),
-- Darcel: React Frontend
('66666666-0000-0000-0000-000000000006', '55555555-0000-0000-0000-000000000002', '22222222-0000-0000-0000-000000000004', NULL, 1),
-- Zachary: Aerospace, Stats
('66666666-0000-0000-0000-000000000007', '55555555-0000-0000-0000-000000000004', '22222222-0000-0000-0000-000000000005', NULL, 1),
-- Sarah: French/EUF, Aerospace, Stats
('66666666-0000-0000-0000-000000000008', '55555555-0000-0000-0000-000000000005', '22222222-0000-0000-0000-000000000006', NULL, 1),
('66666666-0000-0000-0000-000000000009', '55555555-0000-0000-0000-000000000004', '22222222-0000-0000-0000-000000000006', NULL, 1),
-- Olivier: C# Backend, DevOps
('66666666-0000-0000-0000-000000000010', '55555555-0000-0000-0000-000000000001', '22222222-0000-0000-0000-000000000007', NULL, 1),
('66666666-0000-0000-0000-000000000011', '55555555-0000-0000-0000-000000000003', '22222222-0000-0000-0000-000000000007', NULL, 1),
-- Chloe: French/EUF
('66666666-0000-0000-0000-000000000012', '55555555-0000-0000-0000-000000000005', '22222222-0000-0000-0000-000000000008', NULL, 1),
-- Test Student: Stats, C# Backend, French/EUF (mix)
('66666666-0000-0000-0000-000000000013', '55555555-0000-0000-0000-000000000006', '22222222-0000-0000-0000-000000000009', NULL, 1),
('66666666-0000-0000-0000-000000000014', '55555555-0000-0000-0000-000000000001', '22222222-0000-0000-0000-000000000009', NULL, 1),
('66666666-0000-0000-0000-000000000015', '55555555-0000-0000-0000-000000000005', '22222222-0000-0000-0000-000000000009', NULL, 1),
-- Yassine also in Stats
('66666666-0000-0000-0000-000000000016', '55555555-0000-0000-0000-000000000006', '22222222-0000-0000-0000-000000000001', NULL, 1),
-- Adam also in Stats
('66666666-0000-0000-0000-000000000017', '55555555-0000-0000-0000-000000000006', '22222222-0000-0000-0000-000000000003', NULL, 1),
-- Zachary also in Stats
('66666666-0000-0000-0000-000000000018', '55555555-0000-0000-0000-000000000006', '22222222-0000-0000-0000-000000000005', NULL, 1),
-- Sarah also in Stats
('66666666-0000-0000-0000-000000000019', '55555555-0000-0000-0000-000000000006', '22222222-0000-0000-0000-000000000006', NULL, 1);

-- =======================================================================
-- 8. EVALUATIONS
-- =======================================================================
INSERT INTO "Evaluations" (
    "EvaluationId", "ClassId", "EvaluationTitle", "Weight", "MaxScore",
    "DueDate", "EvaluationType", "Description", "StartDate", "EndDate"
)
VALUES
-- French/EUF (55555555-...0005)
('88888888-0000-0000-0000-000000000001', '55555555-0000-0000-0000-000000000005', 'Intra 1', 20.0, 100.0, '2026-02-15 23:59:00+00', 'Examen', 'Premier examen intra de la session.', '2026-02-01 08:00:00+00', '2026-02-15 23:59:00+00'),
('88888888-0000-0000-0000-000000000002', '55555555-0000-0000-0000-000000000005', 'Intra 2', 20.0, 100.0, '2026-03-20 23:59:00+00', 'Examen', 'Deuxième examen intra portant sur les nouvelles lectures.', '2026-03-01 08:00:00+00', '2026-03-20 23:59:00+00'),
('88888888-0000-0000-0000-000000000003', '55555555-0000-0000-0000-000000000005', 'Intra 3', 20.0, 100.0, '2026-04-25 23:59:00+00', 'Examen', 'Dernier examen avant l''épreuve finale.', '2026-04-10 08:00:00+00', '2026-04-25 23:59:00+00'),
('88888888-0000-0000-0000-000000000004', '55555555-0000-0000-0000-000000000005', 'Devoir 1', 35.0, 100.0, '2026-05-10 23:59:00+00', 'Devoirs', 'Dissertation complète à remettre en format PDF.', '2026-04-01 08:00:00+00', '2026-05-10 23:59:00+00'),
-- C# Backend (55555555-...0001)
('88888888-0000-0000-0000-000000000005', '55555555-0000-0000-0000-000000000001', 'Projet API REST avec ASP.NET', 40.0, 100.0, '2026-04-15 23:59:00+00', 'TravailPratique', 'Création d''une API complète avec Entity Framework et PostgreSQL.', '2026-02-01 08:00:00+00', '2026-04-15 23:59:00+00'),
('88888888-0000-0000-0000-000000000006', '55555555-0000-0000-0000-000000000001', 'Exercice de LINQ', 10.0, 100.0, '2026-02-28 23:59:00+00', 'Devoirs', 'Complétez les 10 requêtes LINQ dans le fichier fourni.', '2026-02-20 08:00:00+00', '2026-02-28 23:59:00+00'),
-- React Frontend (55555555-...0002)
('88888888-0000-0000-0000-000000000007', '55555555-0000-0000-0000-000000000002', 'Intégration Maquette Figma', 30.0, 100.0, '2026-03-10 23:59:00+00', 'TravailPratique', 'Reproduire la maquette Figma en utilisant React Tailwind.', '2026-02-15 08:00:00+00', '2026-03-10 23:59:00+00'),
-- Stats/Test Professor (55555555-...0006)
('88888888-0000-0000-0000-000000000008', '55555555-0000-0000-0000-000000000006', 'Examen Intra', 30.0, 100.0, '2026-02-20 23:59:00+00', 'Examen', 'Examen portant sur les chapitres 1 à 4.', '2026-02-05 08:00:00+00', '2026-02-20 23:59:00+00'),
('88888888-0000-0000-0000-000000000009', '55555555-0000-0000-0000-000000000006', 'Devoir Statistiques', 20.0, 100.0, '2026-03-15 23:59:00+00', 'Devoirs', 'Analyse d''un jeu de données réel avec R ou Python.', '2026-03-01 08:00:00+00', '2026-03-15 23:59:00+00'),
('88888888-0000-0000-0000-000000000010', '55555555-0000-0000-0000-000000000006', 'Projet Final', 50.0, 100.0, '2026-05-30 23:59:00+00', 'TravailPratique', 'Projet d''analyse complète avec présentation orale.', '2026-04-15 08:00:00+00', '2026-05-30 23:59:00+00');

-- =======================================================================
-- 9. GRADES
-- =======================================================================
INSERT INTO "Grades" ("GradeId", "EvaluationId", "StudentId", "Score")
VALUES
-- French Intra 1
('77777777-1000-0000-0000-000000000001', '88888888-0000-0000-0000-000000000001', '22222222-0000-0000-0000-000000000002', 78.5),
('77777777-1000-0000-0000-000000000002', '88888888-0000-0000-0000-000000000001', '22222222-0000-0000-0000-000000000006', 85.0),
('77777777-1000-0000-0000-000000000003', '88888888-0000-0000-0000-000000000001', '22222222-0000-0000-0000-000000000008', 91.0),
-- French Intra 2
('77777777-1000-0000-0000-000000000004', '88888888-0000-0000-0000-000000000002', '22222222-0000-0000-0000-000000000002', 72.0),
('77777777-1000-0000-0000-000000000005', '88888888-0000-0000-0000-000000000002', '22222222-0000-0000-0000-000000000006', 88.5),
('77777777-1000-0000-0000-000000000006', '88888888-0000-0000-0000-000000000002', '22222222-0000-0000-0000-000000000008', 79.0),
-- C# Projet API REST
('77777777-1000-0000-0000-000000000007', '88888888-0000-0000-0000-000000000005', '22222222-0000-0000-0000-000000000001', 92.0),
('77777777-1000-0000-0000-000000000008', '88888888-0000-0000-0000-000000000005', '22222222-0000-0000-0000-000000000003', 67.5),
('77777777-1000-0000-0000-000000000009', '88888888-0000-0000-0000-000000000005', '22222222-0000-0000-0000-000000000007', 84.0),
-- C# Exercice LINQ
('77777777-1000-0000-0000-000000000010', '88888888-0000-0000-0000-000000000006', '22222222-0000-0000-0000-000000000001', 95.0),
('77777777-1000-0000-0000-000000000011', '88888888-0000-0000-0000-000000000006', '22222222-0000-0000-0000-000000000003', 80.0),
('77777777-1000-0000-0000-000000000012', '88888888-0000-0000-0000-000000000006', '22222222-0000-0000-0000-000000000007', 88.0),
-- React Figma
('77777777-1000-0000-0000-000000000013', '88888888-0000-0000-0000-000000000007', '22222222-0000-0000-0000-000000000001', 76.0),
('77777777-1000-0000-0000-000000000014', '88888888-0000-0000-0000-000000000007', '22222222-0000-0000-0000-000000000004', 89.5),
-- Stats Examen Intra (good, failed, excellent, borderline - Zachary missing)
('77777777-1000-0000-0000-000000000015', '88888888-0000-0000-0000-000000000008', '22222222-0000-0000-0000-000000000009', 88.0),
('77777777-1000-0000-0000-000000000016', '88888888-0000-0000-0000-000000000008', '22222222-0000-0000-0000-000000000001', 45.0),
('77777777-1000-0000-0000-000000000017', '88888888-0000-0000-0000-000000000008', '22222222-0000-0000-0000-000000000003', 91.0),
('77777777-1000-0000-0000-000000000018', '88888888-0000-0000-0000-000000000008', '22222222-0000-0000-0000-000000000006', 58.0),
-- Stats Devoir (graded, ungraded pending)
('77777777-1000-0000-0000-000000000019', '88888888-0000-0000-0000-000000000009', '22222222-0000-0000-0000-000000000009', 75.0),
('77777777-1000-0000-0000-000000000020', '88888888-0000-0000-0000-000000000009', '22222222-0000-0000-0000-000000000001', 82.0);
-- Zachary, Adam, Sarah have no grade for Devoir Stats → pending case
-- Nobody has a grade for Projet Final → upcoming case

-- =======================================================================
-- 10. STUDENT SUBMISSIONS
-- =======================================================================
INSERT INTO "StudentSubmissions" ("SubmissionId", "EvaluationId", "StudentId", "SubmissionDate", "FileUrl")
VALUES
-- French Devoir 1
('AAAAAAAA-0000-0000-0000-000000000001', '88888888-0000-0000-0000-000000000004', '22222222-0000-0000-0000-000000000002', '2026-05-08 14:30:00+00', 'https://neuevox.net/submissions/jeanpaul_devoir1.pdf'),
('AAAAAAAA-0000-0000-0000-000000000002', '88888888-0000-0000-0000-000000000004', '22222222-0000-0000-0000-000000000006', '2026-05-09 10:15:00+00', 'https://neuevox.net/submissions/sarah_devoir1.pdf'),
('AAAAAAAA-0000-0000-0000-000000000003', '88888888-0000-0000-0000-000000000004', '22222222-0000-0000-0000-000000000008', '2026-05-10 09:00:00+00', 'https://neuevox.net/submissions/chloe_devoir1.pdf'),
-- C# Projet API REST
('AAAAAAAA-0000-0000-0000-000000000004', '88888888-0000-0000-0000-000000000005', '22222222-0000-0000-0000-000000000001', '2026-04-14 22:45:00+00', 'https://neuevox.net/submissions/yassine_apirest.zip'),
('AAAAAAAA-0000-0000-0000-000000000005', '88888888-0000-0000-0000-000000000005', '22222222-0000-0000-0000-000000000003', '2026-04-15 18:00:00+00', 'https://neuevox.net/submissions/adam_apirest.zip'),
('AAAAAAAA-0000-0000-0000-000000000006', '88888888-0000-0000-0000-000000000005', '22222222-0000-0000-0000-000000000007', '2026-04-13 16:30:00+00', 'https://neuevox.net/submissions/olivier_apirest.zip'),
-- C# Exercice LINQ
('AAAAAAAA-0000-0000-0000-000000000007', '88888888-0000-0000-0000-000000000006', '22222222-0000-0000-0000-000000000001', '2026-02-27 20:00:00+00', 'https://neuevox.net/submissions/yassine_linq.cs'),
('AAAAAAAA-0000-0000-0000-000000000008', '88888888-0000-0000-0000-000000000006', '22222222-0000-0000-0000-000000000003', '2026-02-28 17:30:00+00', 'https://neuevox.net/submissions/adam_linq.cs'),
('AAAAAAAA-0000-0000-0000-000000000009', '88888888-0000-0000-0000-000000000006', '22222222-0000-0000-0000-000000000007', '2026-02-26 11:00:00+00', 'https://neuevox.net/submissions/olivier_linq.cs'),
-- React Figma
('AAAAAAAA-0000-0000-0000-000000000010', '88888888-0000-0000-0000-000000000007', '22222222-0000-0000-0000-000000000001', '2026-03-09 23:50:00+00', 'https://neuevox.net/submissions/yassine_figma.zip'),
('AAAAAAAA-0000-0000-0000-000000000011', '88888888-0000-0000-0000-000000000007', '22222222-0000-0000-0000-000000000004', '2026-03-10 21:00:00+00', 'https://neuevox.net/submissions/darcel_figma.zip'),
-- Stats Devoir
('AAAAAAAA-0000-0000-0000-000000000012', '88888888-0000-0000-0000-000000000009', '22222222-0000-0000-0000-000000000009', '2026-03-14 20:00:00+00', 'https://neuevox.net/submissions/teststudent_stats.pdf'),
('AAAAAAAA-0000-0000-0000-000000000013', '88888888-0000-0000-0000-000000000009', '22222222-0000-0000-0000-000000000001', '2026-03-15 18:30:00+00', 'https://neuevox.net/submissions/yassine_stats.pdf'),
('AAAAAAAA-0000-0000-0000-000000000014', '88888888-0000-0000-0000-000000000009', '22222222-0000-0000-0000-000000000003', '2026-03-13 11:00:00+00', 'https://neuevox.net/submissions/adam_stats.pdf');
-- Zachary & Sarah: no submission → missing case

-- =======================================================================
-- 11. DOCUMENTS
-- =======================================================================
INSERT INTO "Documents" ("DocumentId", "ClassId", "FileName", "FileUrl", "FileType", "Section")
VALUES
-- C# Backend
('BBBBBBBB-0000-0000-0000-000000000001', '55555555-0000-0000-0000-000000000001', 'Plan de cours - Backend C#', 'https://neuevox.net/docs/plan_backend.pdf', 'PDF', 'Général'),
('BBBBBBBB-0000-0000-0000-000000000002', '55555555-0000-0000-0000-000000000001', 'Slides - Introduction ASP.NET Core', 'https://neuevox.net/docs/slides_aspnet_intro.pptx', 'PPTX', 'Semaine 1'),
('BBBBBBBB-0000-0000-0000-000000000003', '55555555-0000-0000-0000-000000000001', 'Exercices LINQ - Fichier de départ', 'https://neuevox.net/docs/linq_starter.cs', 'CS', 'Semaine 4'),
-- React Frontend
('BBBBBBBB-0000-0000-0000-000000000004', '55555555-0000-0000-0000-000000000002', 'Plan de cours - React', 'https://neuevox.net/docs/plan_react.pdf', 'PDF', 'Général'),
('BBBBBBBB-0000-0000-0000-000000000005', '55555555-0000-0000-0000-000000000002', 'Maquette Figma - Fichier de référence', 'https://neuevox.net/docs/maquette_figma.fig', 'FIG', 'Projet Final'),
-- DevOps
('BBBBBBBB-0000-0000-0000-000000000006', '55555555-0000-0000-0000-000000000003', 'Plan de cours - DevOps', 'https://neuevox.net/docs/plan_devops.pdf', 'PDF', 'Général'),
('BBBBBBBB-0000-0000-0000-000000000007', '55555555-0000-0000-0000-000000000003', 'Slides - Introduction à Docker', 'https://neuevox.net/docs/slides_docker_intro.pptx', 'PPTX', 'Semaine 2'),
-- Aerospace
('BBBBBBBB-0000-0000-0000-000000000008', '55555555-0000-0000-0000-000000000004', 'Plan de cours - Génie Aérospatial', 'https://neuevox.net/docs/plan_aerospace.pdf', 'PDF', 'Général'),
('BBBBBBBB-0000-0000-0000-000000000009', '55555555-0000-0000-0000-000000000004', 'Slides - Principes d''aérodynamique', 'https://neuevox.net/docs/slides_aerodynamique.pptx', 'PPTX', 'Semaine 1'),
-- French/EUF
('BBBBBBBB-0000-0000-0000-000000000010', '55555555-0000-0000-0000-000000000005', 'Plan de cours - Littérature et EUF', 'https://neuevox.net/docs/plan_euf.pdf', 'PDF', 'Général'),
('BBBBBBBB-0000-0000-0000-000000000011', '55555555-0000-0000-0000-000000000005', 'Guide de rédaction - Dissertation', 'https://neuevox.net/docs/guide_dissertation.pdf', 'PDF', 'Devoir 1'),
-- Stats
('BBBBBBBB-0000-0000-0000-000000000012', '55555555-0000-0000-0000-000000000006', 'Plan de cours - Statistiques', 'https://neuevox.net/docs/plan_stats.pdf', 'PDF', 'Général'),
('BBBBBBBB-0000-0000-0000-000000000013', '55555555-0000-0000-0000-000000000006', 'Slides - Introduction aux probabilités', 'https://neuevox.net/docs/slides_proba.pptx', 'PPTX', 'Semaine 1'),
('BBBBBBBB-0000-0000-0000-000000000014', '55555555-0000-0000-0000-000000000006', 'Jeu de données - Projet Final', 'https://neuevox.net/docs/dataset_final.csv', 'CSV', 'Projet Final');

-- =======================================================================
-- 12. SCHEDULES
-- =======================================================================
INSERT INTO "Schedules" ("ScheduleId", "ClassId", "StartTime", "EndTime", "DayOfWeek", "RoomNumber")
VALUES
-- C# Backend: Mon & Wed
('CCCCCCCC-0000-0000-0000-000000000001', '55555555-0000-0000-0000-000000000001', '08:30:00', '10:30:00', 'MONDAY', 'B-210'),
('CCCCCCCC-0000-0000-0000-000000000002', '55555555-0000-0000-0000-000000000001', '08:30:00', '10:30:00', 'WEDNESDAY', 'B-210'),
-- React Frontend: Tue & Thu
('CCCCCCCC-0000-0000-0000-000000000003', '55555555-0000-0000-0000-000000000002', '10:45:00', '12:45:00', 'TUESDAY', 'B-212'),
('CCCCCCCC-0000-0000-0000-000000000004', '55555555-0000-0000-0000-000000000002', '10:45:00', '12:45:00', 'THURSDAY', 'B-212'),
-- DevOps: Wed & Fri
('CCCCCCCC-0000-0000-0000-000000000005', '55555555-0000-0000-0000-000000000003', '13:00:00', '15:00:00', 'WEDNESDAY', 'B-215'),
('CCCCCCCC-0000-0000-0000-000000000006', '55555555-0000-0000-0000-000000000003', '13:00:00', '15:00:00', 'FRIDAY', 'B-215'),
-- Aerospace: Mon & Thu
('CCCCCCCC-0000-0000-0000-000000000007', '55555555-0000-0000-0000-000000000004', '13:00:00', '15:00:00', 'MONDAY', 'C-305'),
('CCCCCCCC-0000-0000-0000-000000000008', '55555555-0000-0000-0000-000000000004', '13:00:00', '15:00:00', 'THURSDAY', 'C-305'),
-- French/EUF: Tue & Fri
('CCCCCCCC-0000-0000-0000-000000000009', '55555555-0000-0000-0000-000000000005', '08:30:00', '10:30:00', 'TUESDAY', 'A-115'),
('CCCCCCCC-0000-0000-0000-000000000010', '55555555-0000-0000-0000-000000000005', '08:30:00', '10:30:00', 'FRIDAY', 'A-115'),
-- Stats (Test Professor): Tue & Thu
('CCCCCCCC-0000-0000-0000-000000000011', '55555555-0000-0000-0000-000000000006', '15:15:00', '17:15:00', 'TUESDAY', 'D-101'),
('CCCCCCCC-0000-0000-0000-000000000012', '55555555-0000-0000-0000-000000000006', '15:15:00', '17:15:00', 'THURSDAY', 'D-101');




-- =======================================================================
-- AEROSPACE EVALUATIONS + GRADES
-- Class: 55555555-...0004 | Students: Zachary (005), Sarah (006)
-- =======================================================================
INSERT INTO "Evaluations" (
    "EvaluationId", "ClassId", "EvaluationTitle", "Weight", "MaxScore",
    "DueDate", "EvaluationType", "Description", "StartDate", "EndDate"
)
VALUES
(
    '88888888-0000-0000-0000-000000000011', '55555555-0000-0000-0000-000000000004',
    'Examen Intra', 30.0, 100.0, '2026-02-28 23:59:00+00',
    'Examen', 'Examen portant sur les principes fondamentaux de l''aérodynamique.',
    '2026-02-10 08:00:00+00', '2026-02-28 23:59:00+00'
),
(
    '88888888-0000-0000-0000-000000000012', '55555555-0000-0000-0000-000000000004',
    'Rapport de vol simulé', 35.0, 100.0, '2026-04-01 23:59:00+00',
    'TravailPratique', 'Analyse d''un vol simulé avec rapport technique complet.',
    '2026-03-01 08:00:00+00', '2026-04-01 23:59:00+00'
),
(
    '88888888-0000-0000-0000-000000000013', '55555555-0000-0000-0000-000000000004',
    'Examen Final', 35.0, 100.0, '2026-05-20 23:59:00+00',
    'Examen', 'Examen final couvrant l''ensemble de la session.',
    '2026-05-05 08:00:00+00', '2026-05-20 23:59:00+00'
);

INSERT INTO "Grades" ("GradeId", "EvaluationId", "StudentId", "Score")
VALUES
-- Examen Intra
('77777777-1000-0000-0000-000000000021', '88888888-0000-0000-0000-000000000011', '22222222-0000-0000-0000-000000000005', 74.0),  -- Zachary: decent
('77777777-1000-0000-0000-000000000022', '88888888-0000-0000-0000-000000000011', '22222222-0000-0000-0000-000000000006', 91.0),  -- Sarah: excellent
-- Rapport de vol simulé
('77777777-1000-0000-0000-000000000023', '88888888-0000-0000-0000-000000000012', '22222222-0000-0000-0000-000000000005', 48.0),  -- Zachary: failed
('77777777-1000-0000-0000-000000000024', '88888888-0000-0000-0000-000000000012', '22222222-0000-0000-0000-000000000006', 85.0);  -- Sarah: good
-- Examen Final: no grades yet → upcoming case

INSERT INTO "StudentSubmissions" ("SubmissionId", "EvaluationId", "StudentId", "SubmissionDate", "FileUrl")
VALUES
('AAAAAAAA-0000-0000-0000-000000000015', '88888888-0000-0000-0000-000000000012', '22222222-0000-0000-0000-000000000005', '2026-03-30 19:00:00+00', 'https://neuevox.net/submissions/zachary_rapport_vol.pdf'),
('AAAAAAAA-0000-0000-0000-000000000016', '88888888-0000-0000-0000-000000000012', '22222222-0000-0000-0000-000000000006', '2026-04-01 14:00:00+00', 'https://neuevox.net/submissions/sarah_rapport_vol.pdf');


-- =======================================================================
-- DEVOPS EVALUATIONS + GRADES
-- Class: 55555555-...0003 | Students: Yassine (001), Olivier (007)
-- =======================================================================
INSERT INTO "Evaluations" (
    "EvaluationId", "ClassId", "EvaluationTitle", "Weight", "MaxScore",
    "DueDate", "EvaluationType", "Description", "StartDate", "EndDate"
)
VALUES
(
    '88888888-0000-0000-0000-000000000014', '55555555-0000-0000-0000-000000000003',
    'Mise en place Docker', 25.0, 100.0, '2026-03-01 23:59:00+00',
    'TravailPratique', 'Conteneuriser une application avec Docker et Docker Compose.',
    '2026-02-10 08:00:00+00', '2026-03-01 23:59:00+00'
),
(
    '88888888-0000-0000-0000-000000000015', '55555555-0000-0000-0000-000000000003',
    'Pipeline CI/CD', 35.0, 100.0, '2026-04-10 23:59:00+00',
    'TravailPratique', 'Mettre en place un pipeline CI/CD complet avec GitHub Actions.',
    '2026-03-10 08:00:00+00', '2026-04-10 23:59:00+00'
),
(
    '88888888-0000-0000-0000-000000000016', '55555555-0000-0000-0000-000000000003',
    'Examen Intra', 40.0, 100.0, '2026-02-20 23:59:00+00',
    'Examen', 'Examen théorique sur les concepts DevOps et CI/CD.',
    '2026-02-05 08:00:00+00', '2026-02-20 23:59:00+00'
);

INSERT INTO "Grades" ("GradeId", "EvaluationId", "StudentId", "Score")
VALUES
-- Mise en place Docker
('77777777-1000-0000-0000-000000000025', '88888888-0000-0000-0000-000000000014', '22222222-0000-0000-0000-000000000001', 90.0),  -- Yassine: excellent
('77777777-1000-0000-0000-000000000026', '88888888-0000-0000-0000-000000000014', '22222222-0000-0000-0000-000000000007', 55.0),  -- Olivier: failed
-- Examen Intra
('77777777-1000-0000-0000-000000000027', '88888888-0000-0000-0000-000000000016', '22222222-0000-0000-0000-000000000001', 78.0),  -- Yassine: good
('77777777-1000-0000-0000-000000000028', '88888888-0000-0000-0000-000000000016', '22222222-0000-0000-0000-000000000007', 82.0);  -- Olivier: good
-- Pipeline CI/CD: no grades yet → upcoming case

INSERT INTO "StudentSubmissions" ("SubmissionId", "EvaluationId", "StudentId", "SubmissionDate", "FileUrl")
VALUES
('AAAAAAAA-0000-0000-0000-000000000017', '88888888-0000-0000-0000-000000000014', '22222222-0000-0000-0000-000000000001', '2026-02-28 21:00:00+00', 'https://neuevox.net/submissions/yassine_docker.zip'),
('AAAAAAAA-0000-0000-0000-000000000018', '88888888-0000-0000-0000-000000000014', '22222222-0000-0000-0000-000000000007', '2026-03-01 17:00:00+00', 'https://neuevox.net/submissions/olivier_docker.zip');
-- Pipeline CI/CD: no submissions yet → upcoming case